customer_id,age,loyalty_member,email
1,47,False,mclaughlinsteven@example.net
2,44,False,tpowell@example.com
3,55,False,lgarcia@example.net
4,63,True,emilybates@example.net
5,24,True,woodsjoshua@example.com
6,51,False,thompsonlisa@example.net
7,38,False,baileyjoshua@example.org
8,60,True,michaelsmith@example.org
9,44,True,ameyer@example.com
10,49,False,wilsonvernon@example.org
11,34,True,moorekimberly@example.net
12,65,False,ortiztommy@example.net
13,24,False,osanders@example.com
14,60,False,mossbianca@example.net
15,51,False,zroberts@example.com
16,37,True,efarley@example.net
17,44,False,kwalton@example.net
18,22,False,uscott@example.org
19,23,True,dunnsarah@example.com
20,60,False,sophiafernandez@example.org
21,54,False,nvelez@example.org
22,47,True,amber95@example.org
23,34,False,iedwards@example.org
24,56,True,kendrajones@example.org
25,30,True,charles88@example.com
26,54,False,carrwilliam@example.org
27,25,False,nmcbride@example.com
28,62,False,wguerrero@example.org
29,33,True,gkelly@example.net
30,60,True,hinescarmen@example.net
31,24,False,matthewking@example.com
32,20,True,washingtonlinda@example.org
33,54,True,jturner@example.net
34,47,False,kylefisher@example.com
35,29,False,pamela93@example.net
36,28,False,hillkaren@example.net
37,18,False,lmartin@example.org
38,43,False,hooverjon@example.com
39,31,True,sarah51@example.com
40,65,False,scott86@example.org
41,61,True,drew41@example.com
42,40,False,laurenweiss@example.org
43,23,True,kellymelissa@example.net
44,54,False,steven55@example.com
45,44,True,julia09@example.net
46,41,True,ewright@example.net
47,53,True,abigail80@example.net
48,46,True,miguel90@example.org
49,28,True,anthonymontoya@example.net
50,43,True,bryceleblanc@example.com
51,49,True,anna62@example.net
52,60,False,rburch@example.org
53,57,True,eyoung@example.net
54,27,True,rogersnatalie@example.com
55,34,True,james64@example.com
56,58,False,wongrobert@example.net
57,60,True,jordanjay@example.org
58,46,False,greenpaula@example.net
59,52,True,elizabethwilson@example.org
60,56,True,amanda11@example.net
61,56,False,cookchristine@example.org
62,46,True,sbecker@example.net
63,24,True,johnsonandrew@example.com
64,44,False,shepardwilliam@example.com
65,61,False,jthompson@example.net
66,47,False,zjohnson@example.net
67,32,False,jennifer38@example.org
68,57,False,dianethomas@example.net
69,65,False,srussell@example.net
70,46,True,kelly44@example.org
71,22,True,lscott@example.org
72,64,False,deborah21@example.org
73,19,True,johnguerrero@example.com
74,65,False,judy47@example.org
75,31,True,robert54@example.net
76,65,False,edwardestrada@example.com
77,53,False,freemanmichelle@example.com
78,49,False,vincentsteven@example.org
79,58,True,icook@example.com
80,65,False,pmorrison@example.com
81,53,True,slong@example.com
82,43,False,amber08@example.org
83,39,False,dfoley@example.org
84,38,True,justin80@example.net
85,28,False,natalie66@example.com
86,49,False,patricia15@example.org
87,39,False,xchoi@example.com
88,25,False,usloan@example.com
89,34,False,johnsonmichelle@example.net
90,19,True,mparker@example.org
91,25,False,joshua41@example.com
92,36,False,colin13@example.org
93,54,True,adam09@example.net
94,36,True,jacqueline32@example.com
95,28,False,donna84@example.org
96,59,False,michele29@example.org
97,25,False,everettpaul@example.net
98,33,False,caroline08@example.com
99,51,True,omontoya@example.net
100,29,True,hayesnicole@example.net
101,47,False,samantha75@example.com
102,27,False,melissacastillo@example.net
103,31,False,jonesryan@example.com
104,21,True,stevenhampton@example.com
105,23,False,lsmith@example.com
106,45,True,davisdavid@example.com
107,43,True,ptaylor@example.net
108,47,False,keith01@example.net
109,38,False,melodyperez@example.com
110,53,False,forbeschristine@example.net
111,24,True,kdoyle@example.com
112,50,True,veronicawilliams@example.com
113,37,True,danawoods@example.org
114,43,False,bonnie07@example.org
115,25,False,michelenielsen@example.com
116,23,False,blowery@example.net
117,60,True,andrew83@example.net
118,54,True,annewalker@example.org
119,57,True,tmoore@example.net
120,22,True,cathy64@example.org
121,51,True,mscott@example.net
122,43,False,jessica03@example.net
123,45,True,larry01@example.org
124,37,False,leemichelle@example.com
125,29,True,michaellynch@example.org
126,44,False,vdouglas@example.org
127,55,True,scott48@example.com
128,33,True,jessica99@example.org
129,58,False,kristopher96@example.com
130,31,False,hmontoya@example.org
131,22,False,yvettecampos@example.com
132,43,False,bartonriley@example.com
133,41,True,mercerkirk@example.com
134,56,False,ronaldwalton@example.net
135,29,True,katelynhernandez@example.org
136,30,False,austin42@example.net
137,25,False,julie40@example.com
138,18,False,kparks@example.com
139,38,False,yvette46@example.net
140,63,False,phillipsdana@example.org
141,37,True,jduncan@example.org
142,48,False,hillhaley@example.com
143,33,True,hjefferson@example.com
144,50,False,jasmine11@example.net
145,45,True,steven63@example.net
146,59,False,keithsmith@example.org
147,22,True,tjohnson@example.com
148,58,True,bernardshawn@example.net
149,23,True,websterrobert@example.com
150,27,False,floresdominic@example.com
151,54,False,alvarezpatricia@example.net
152,48,True,jonsmith@example.org
153,50,True,joshuamoss@example.com
154,46,False,zodonnell@example.net
155,32,True,william31@example.org
156,55,False,scannon@example.net
157,28,False,lisa80@example.net
158,41,True,pbarnes@example.org
159,61,False,drakematthew@example.net
160,55,False,waltersamanda@example.org
161,46,True,urodriguez@example.net
162,28,True,ygates@example.com
163,24,True,daniel15@example.com
164,27,False,christopher86@example.net
165,51,True,nichole37@example.com
166,59,False,westmary@example.com
167,22,False,mcarr@example.org
168,37,False,charles17@example.org
169,64,True,williampham@example.com
170,31,True,dlopez@example.net
171,23,False,amyyoung@example.org
172,46,True,fcastro@example.org
173,26,False,lmathews@example.org
174,38,True,hayesgeorge@example.net
175,61,False,freemanjoseph@example.net
176,42,False,brian09@example.org
177,19,False,zdelacruz@example.net
178,36,False,dsuarez@example.com
179,19,False,daycheryl@example.org
180,49,True,patrick10@example.org
181,22,False,eric67@example.net
182,42,True,gharper@example.net
183,35,False,tylerjohnson@example.net
184,24,False,sara07@example.net
185,62,True,ebrown@example.com
186,49,True,yhuerta@example.net
187,37,False,christopher28@example.org
188,59,True,dawsonbriana@example.net
189,28,False,amiles@example.net
190,37,False,cynthiaburns@example.net
191,31,False,kathleen57@example.net
192,46,True,frank08@example.com
193,23,True,curtis13@example.com
194,57,True,mbaker@example.net
195,20,True,davenportholly@example.com
196,35,True,hunterdonna@example.net
197,63,False,butlermichael@example.com
198,50,False,ubradley@example.org
199,43,True,knichols@example.net
200,40,False,gonzaleztina@example.com
201,22,False,tina04@example.org
202,51,False,fcarter@example.org
203,45,False,hayesjames@example.net
204,29,True,gjohnson@example.org
205,25,True,gregory58@example.org
206,44,True,bwalker@example.net
207,49,True,patrickowens@example.net
208,44,False,joseford@example.org
209,42,False,edwinday@example.org
210,33,True,mcguirerose@example.org
211,24,True,ubenton@example.org
212,41,True,jasonturner@example.com
213,51,True,summerscarmen@example.com
214,22,True,steven92@example.com
215,47,True,stevensstephanie@example.org
216,24,True,taylorralph@example.net
217,20,False,iholmes@example.org
218,41,True,pfletcher@example.com
219,50,False,connor88@example.org
220,19,True,jennifermartinez@example.com
221,41,True,hannahgarcia@example.net
222,62,True,saunderskevin@example.org
223,33,False,amy69@example.org
224,24,False,kevinhart@example.org
225,59,False,shannonflores@example.net
226,44,False,mary03@example.net
227,60,True,grantsawyer@example.net
228,46,False,shannonblack@example.com
229,56,False,sandovalkaitlyn@example.com
230,53,True,xbenson@example.net
231,62,True,rhoward@example.net
232,60,False,mitchellcourtney@example.com
233,40,True,jose02@example.com
234,27,False,jcollins@example.com
235,60,True,andrew83@example.org
236,55,False,pnolan@example.net
237,56,True,thomaselliott@example.com
238,51,True,smithjustin@example.net
239,65,False,vhart@example.com
240,64,False,jennamorgan@example.org
241,57,True,calderonscott@example.com
242,36,False,isaiah31@example.net
243,57,True,vbrown@example.org
244,44,True,kevin47@example.org
245,29,False,hilldebra@example.org
246,49,False,brittanylee@example.com
247,22,True,diazkaren@example.org
248,47,False,romerotiffany@example.org
249,46,False,shellythompson@example.net
250,31,True,sandra97@example.net
251,27,False,arnolderic@example.net
252,26,True,bgomez@example.net
253,30,False,nicole18@example.net
254,29,True,christopheranderson@example.net
255,20,True,kennethpatterson@example.org
256,24,True,brittanymitchell@example.org
257,25,True,frenchjennifer@example.net
258,58,True,patriciajohnson@example.net
259,24,True,hayesfrederick@example.net
260,38,False,lewismary@example.org
261,40,False,jensenthomas@example.org
262,38,False,jacobmills@example.com
263,30,True,christianpena@example.com
264,35,False,krystalhopkins@example.net
265,35,True,hernandezjoseph@example.com
266,45,False,raymonddavis@example.com
267,56,True,bhendrix@example.com
268,65,True,cartermichael@example.net
269,48,False,ypark@example.org
270,53,False,douglascraig@example.com
271,64,True,lisa07@example.net
272,64,True,paul90@example.com
273,19,True,dgolden@example.net
274,46,True,mark45@example.net
275,64,True,kaitlyn13@example.net
276,25,True,johndougherty@example.net
277,54,True,rebeccamichael@example.com
278,41,False,david11@example.net
279,30,False,parkshawn@example.net
280,52,False,josephspencer@example.org
281,46,True,elizabethmiller@example.net
282,28,False,owillis@example.com
283,43,False,kayla80@example.com
284,32,True,nancypierce@example.org
285,44,False,danielle10@example.org
286,64,False,angela95@example.net
287,24,True,vreyes@example.com
288,19,True,jamesroberts@example.org
289,29,True,rodriguezhannah@example.net
290,21,False,fhoward@example.org
291,61,True,pmeyer@example.net
292,48,False,adam49@example.org
293,44,False,areynolds@example.org
294,50,True,alison45@example.com
295,38,False,mbrown@example.net
296,28,True,xcox@example.net
297,48,False,robert83@example.net
298,62,True,leroytran@example.com
299,30,False,nzimmerman@example.net
300,56,True,annalee@example.net
301,63,False,elizabeth27@example.org
302,20,False,ashley91@example.com
303,46,True,elizabeth43@example.org
304,42,False,fjones@example.com
305,44,False,gdavis@example.org
306,32,True,ashlee37@example.net
307,22,False,tina25@example.com
308,53,False,garciacarl@example.com
309,22,False,thompsonlatoya@example.org
310,65,True,belinda62@example.com
311,59,True,jackstewart@example.com
312,53,True,juan77@example.net
313,26,False,pvelazquez@example.net
314,60,True,tnielsen@example.com
315,44,True,kimberly58@example.org
316,51,False,nelsonryan@example.com
317,37,False,nrivera@example.net
318,41,False,gbradley@example.net
319,47,True,zacharybrewer@example.com
320,45,False,emilyerickson@example.org
321,33,False,patriciawilson@example.org
322,44,False,jonesluis@example.net
323,43,True,victoria25@example.com
324,57,True,taylorlee@example.org
325,54,False,kellerpaul@example.org
326,51,False,alex65@example.com
327,40,True,rodriguezalexandria@example.net
328,56,True,perezmaria@example.com
329,37,True,gfrazier@example.net
330,33,True,wilsonholly@example.org
331,48,True,williamssheila@example.com
332,45,False,jenniferadams@example.com
333,41,False,leslie40@example.net
334,43,False,martinezangela@example.net
335,63,True,davidsonhannah@example.com
336,19,False,ashea@example.org
337,37,False,spencerjohnson@example.com
338,58,False,rmullins@example.org
339,33,False,chaneykayla@example.net
340,48,True,ikidd@example.net
341,44,False,nhansen@example.com
342,38,False,floreslori@example.net
343,45,False,heathersanders@example.com
344,57,False,christopheryang@example.net
345,41,False,ethompson@example.com
346,30,True,rodriguezdiana@example.net
347,54,True,kharris@example.net
348,44,True,dennisquinn@example.com
349,18,False,mcdonaldsally@example.net
350,32,False,andreahamilton@example.com
351,38,False,barnesderek@example.net
352,40,False,rose58@example.net
353,45,True,john00@example.net
354,39,True,hallreginald@example.org
355,63,True,jford@example.org
356,34,True,maureenmcdonald@example.org
357,35,True,kim78@example.org
358,65,True,qwood@example.com
359,23,False,ywalters@example.net
360,32,False,lrandolph@example.com
361,30,False,eric13@example.org
362,45,True,carpenteranthony@example.org
363,44,False,colemankimberly@example.org
364,45,False,kylepeck@example.net
365,42,False,richardschristopher@example.net
366,43,False,nnewman@example.com
367,27,True,mooreashley@example.net
368,19,False,sarawilson@example.com
369,31,False,rjohnson@example.net
370,42,True,ylyons@example.com
371,35,True,suzannedouglas@example.com
372,24,False,rebecca45@example.net
373,61,True,phillip02@example.net
374,63,True,pjackson@example.net
375,56,False,phaas@example.org
376,30,True,ryananthony@example.org
377,33,False,brandonvargas@example.org
378,50,True,solomonjustin@example.net
379,34,True,gbanks@example.net
380,41,True,wellsandrew@example.com
381,39,True,jamesbradley@example.org
382,42,False,karenconley@example.com
383,61,False,reyeslaurie@example.net
384,22,False,nicoleallen@example.net
385,45,False,aclayton@example.com
386,29,False,tiffanywagner@example.net
387,64,True,josejohnson@example.net
388,29,False,brian51@example.com
389,22,True,richardmiller@example.com
390,57,True,lindseybarnes@example.org
391,42,False,paulcooper@example.net
392,21,True,proctorrobert@example.org
393,35,False,april60@example.net
394,65,False,stacey48@example.net
395,56,True,heidi99@example.net
396,60,False,tonya06@example.net
397,62,False,jkaiser@example.org
398,61,True,carrollandrew@example.net
399,36,False,osmith@example.com
400,25,False,batesvicki@example.com
401,50,False,haleywong@example.com
402,25,True,emily09@example.com
403,39,False,holdermark@example.net
404,40,True,robert99@example.org
405,31,True,frankchristopher@example.net
406,46,True,sharonstephens@example.com
407,53,False,agibson@example.org
408,50,False,ugonzales@example.org
409,58,True,vhoward@example.com
410,51,False,erica59@example.org
411,24,True,april08@example.com
412,28,True,jcollins@example.net
413,50,False,gary70@example.com
414,26,False,hardinamanda@example.com
415,50,False,smithmichele@example.org
416,38,True,kharris@example.com
417,31,True,alexandra68@example.net
418,46,True,brendagarcia@example.org
419,56,True,emilywebb@example.net
420,19,True,vbrown@example.org
421,44,False,jacobpoole@example.com
422,63,False,matthewsalas@example.net
423,34,False,santiagodaniel@example.com
424,36,True,kevinthomas@example.com
425,47,False,campbellashley@example.net
426,50,False,harrislinda@example.org
427,30,True,danielsmith@example.com
428,56,True,kim35@example.org
429,64,True,lisalawson@example.net
430,25,False,ndavis@example.net
431,34,True,efriedman@example.net
432,31,True,jamesbrown@example.org
433,25,True,horndana@example.com
434,50,True,josephlopez@example.com
435,21,False,stevenjohnson@example.com
436,55,False,sedwards@example.com
437,25,False,andersonrobert@example.com
438,40,True,natasha55@example.net
439,21,False,francisco29@example.net
440,44,True,opham@example.org
441,42,False,rebecca47@example.net
442,44,True,kylehamilton@example.net
443,46,True,michaelwood@example.com
444,64,False,angela01@example.net
445,53,False,stephanienorton@example.net
446,42,True,marshalyssa@example.org
447,39,False,grace14@example.net
448,30,True,callahanemily@example.net
449,45,False,tracygibson@example.net
450,35,True,anthonymalone@example.com
451,18,False,jacksonkevin@example.net
452,40,True,stephenfields@example.org
453,52,False,arnoldethan@example.com
454,34,True,aford@example.net
455,27,False,jessicabennett@example.org
456,20,False,millermary@example.org
457,26,False,dianawoods@example.net
458,36,False,lynchrebecca@example.com
459,25,False,douglassmith@example.net
460,38,False,jonathanwilliams@example.net
461,40,True,lbooth@example.org
462,40,False,martha47@example.org
463,64,True,susan39@example.com
464,32,False,hinesbrandon@example.net
465,37,True,millsshane@example.com
466,62,True,jamessanchez@example.net
467,42,True,nancywebb@example.net
468,31,True,codydiaz@example.net
469,46,False,michael24@example.com
470,21,False,evanscraig@example.org
471,61,True,bgilbert@example.org
472,41,False,gibsonvincent@example.org
473,20,True,david99@example.org
474,32,False,pwebb@example.net
475,38,True,thomasrodriguez@example.org
476,39,True,kward@example.org
477,19,True,kbaker@example.org
478,56,True,howens@example.com
479,50,True,grandall@example.org
480,46,True,baileydawn@example.com
481,64,False,boydcharles@example.net
482,40,False,brian85@example.com
483,23,True,lauren68@example.net
484,30,False,allenjacob@example.org
485,40,True,vsnyder@example.com
486,18,False,adriennecarr@example.com
487,65,False,ericjordan@example.com
488,40,False,clove@example.com
489,29,False,cedwards@example.com
490,61,False,zachary23@example.org
491,30,False,joshuapreston@example.net
492,22,True,joannapeterson@example.org
493,41,False,knightstephen@example.org
494,42,True,woodwardjohn@example.com
495,33,False,jacqueline58@example.net
496,18,True,samantha01@example.com
497,62,False,timothywallace@example.com
498,53,True,christopher85@example.org
499,42,True,simseric@example.org
500,39,True,fholmes@example.net
501,56,True,jaythomas@example.com
502,46,True,valeriebarrett@example.net
503,55,False,rhondakeith@example.net
504,28,True,umiller@example.com
505,33,False,annmccarthy@example.net
506,62,True,brian32@example.org
507,37,True,lopezjustin@example.net
508,48,False,joshua15@example.net
509,58,False,briana71@example.net
510,24,True,smithstacy@example.org
511,49,True,cwright@example.com
512,35,True,beanmark@example.net
513,31,False,jonathanyoung@example.net
514,33,True,joseph78@example.net
515,64,False,valenciaamanda@example.com
516,40,False,brandon91@example.net
517,65,False,williejones@example.org
518,54,False,darrell98@example.com
519,27,True,pwilliams@example.com
520,34,True,carterbrenda@example.org
521,21,True,stephen13@example.org
522,27,False,jmora@example.com
523,29,True,cynthia24@example.org
524,65,False,vwhite@example.net
525,23,False,ocooper@example.org
526,56,False,eddieclark@example.net
527,41,True,nixonkent@example.org
528,29,False,william00@example.com
529,40,False,clinton93@example.net
530,20,False,mcarr@example.net
531,53,True,mackmichael@example.org
532,43,False,mbrown@example.net
533,49,False,reneecook@example.org
534,28,True,lopezwilliam@example.com
535,45,False,alexandria47@example.com
536,37,True,karengarrett@example.com
537,53,True,gilbertmario@example.com
538,36,False,kathy78@example.net
539,64,True,fitzpatrickjennifer@example.org
540,48,False,stevensmith@example.com
541,62,True,michelegarcia@example.org
542,57,True,theresa69@example.net
543,34,False,kbarber@example.org
544,31,False,williamsoncorey@example.com
545,21,False,brooke59@example.net
546,42,True,christine92@example.org
547,33,True,zjones@example.com
548,26,False,patricia94@example.com
549,32,False,krausechristina@example.com
550,21,True,olara@example.net
551,53,True,qtaylor@example.org
552,59,True,graveslinda@example.com
553,20,True,vjacobs@example.com
554,54,False,andreasmith@example.com
555,33,True,ptorres@example.net
556,40,True,nhill@example.com
557,30,False,imathews@example.net
558,44,False,adkinsshawn@example.com
559,27,True,dianameyer@example.org
560,23,True,iwilkins@example.com
561,23,False,clarkdavid@example.org
562,42,True,jody16@example.org
563,31,True,tomarcher@example.com
564,53,False,daniel75@example.com
565,55,True,gonzalessusan@example.net
566,18,False,smcbride@example.org
567,41,True,zspencer@example.com
568,38,True,anitamiller@example.org
569,35,True,brooksmatthew@example.com
570,49,True,ubaird@example.com
571,29,True,joseph13@example.net
572,41,True,bkirby@example.com
573,64,True,sullivanroger@example.com
574,28,True,gking@example.org
575,32,True,brandonjohnson@example.net
576,31,True,mmann@example.org
577,25,False,brianjohnson@example.org
578,65,True,jillwilliams@example.org
579,45,False,susan86@example.com
580,42,False,nicholas90@example.net
581,39,True,sarahmcmahon@example.net
582,42,False,fmcdonald@example.com
583,65,False,donnaramos@example.net
584,44,True,melinda06@example.com
585,28,True,matthewsteele@example.com
586,37,True,taustin@example.com
587,26,False,byrdbradley@example.com
588,60,True,pgarza@example.net
589,39,True,amandareed@example.org
590,40,False,michelle05@example.com
591,49,False,robertsjesse@example.com
592,39,True,lisa07@example.com
593,50,False,mariahendrix@example.org
594,46,True,adam69@example.com
595,47,False,amanda93@example.org
596,21,False,tony23@example.com
597,24,False,lisa13@example.org
598,28,True,zpruitt@example.com
599,65,True,dhill@example.net
600,18,False,baileygina@example.com
601,40,True,walkerjared@example.net
602,37,False,mitchell82@example.org
603,44,True,hopkinsbrittney@example.org
604,59,False,anthonymeza@example.org
605,39,False,samanthamora@example.com
606,39,True,kevin78@example.org
607,31,True,hhines@example.com
608,48,False,melissalin@example.org
609,40,True,cindy58@example.com
610,33,True,wilsonjohn@example.net
611,24,True,derek93@example.org
612,24,True,liujamie@example.org
613,61,True,joshuathompson@example.org
614,46,False,lgood@example.com
615,26,False,rodneycrawford@example.org
616,61,True,ocervantes@example.net
617,21,True,adamosborne@example.com
618,45,False,lfriedman@example.com
619,61,False,heather31@example.org
620,60,False,sherri41@example.com
621,49,False,forbeschristine@example.com
622,64,False,andrew48@example.com
623,33,True,arellanosheri@example.org
624,18,True,leeashley@example.org
625,40,False,lowedonald@example.net
626,25,True,william43@example.com
627,44,True,nelsondebra@example.com
628,64,False,wleblanc@example.com
629,59,False,kcastillo@example.org
630,33,True,vicki67@example.net
631,22,False,ericcarr@example.net
632,35,True,xchan@example.net
633,62,False,groman@example.org
634,54,False,jenniferstevens@example.org
635,57,True,shannon23@example.com
636,34,True,hunterrichard@example.com
637,56,True,boconnor@example.com
638,20,True,ugordon@example.net
639,50,False,krista46@example.net
640,35,True,holly98@example.net
641,20,False,rhanson@example.net
642,46,False,mcintyrecharles@example.org
643,49,False,staceyortega@example.org
644,46,True,rodneywatts@example.net
645,41,False,alison99@example.com
646,49,True,vconley@example.com
647,28,True,tina93@example.net
648,45,True,erik14@example.org
649,34,True,qjoseph@example.net
650,24,False,briannacalderon@example.net
651,22,False,orush@example.org
652,19,True,jamescarter@example.org
653,27,True,linda51@example.org
654,20,False,markmullen@example.com
655,55,True,gonzalezandrew@example.com
656,38,True,samanthaobrien@example.com
657,18,False,ronalderickson@example.net
658,54,True,iduffy@example.com
659,34,True,aevans@example.org
660,49,False,tbraun@example.com
661,45,False,chelsea36@example.net
662,40,False,diane18@example.net
663,55,False,laurieward@example.net
664,24,False,robert22@example.com
665,53,True,swansonraymond@example.net
666,42,True,ethomas@example.org
667,55,True,adamskelsey@example.com
668,41,False,tyler75@example.com
669,60,False,qgardner@example.org
670,35,False,valeriebowman@example.com
671,30,True,slewis@example.com
672,25,False,dgallegos@example.com
673,26,True,dwise@example.net
674,65,False,mcintyremichael@example.com
675,18,False,reynoldselizabeth@example.org
676,29,True,dsanchez@example.net
677,59,True,christopherrichardson@example.org
678,56,True,kevin47@example.com
679,20,True,christinebowers@example.net
680,47,False,veronicawatts@example.com
681,42,False,kelleynancy@example.com
682,18,True,phillip00@example.com
683,46,False,brent35@example.org
684,43,False,ycortez@example.org
685,62,False,jenniferstewart@example.org
686,48,False,maureencox@example.net
687,19,False,meganlarson@example.org
688,49,True,patricia25@example.com
689,22,True,bhenderson@example.org
690,46,False,petersondaniel@example.com
691,30,True,ahess@example.org
692,30,True,kingjason@example.net
693,37,False,hmitchell@example.com
694,20,False,sarahbryant@example.com
695,18,False,pamyu@example.com
696,44,True,ydavis@example.net
697,52,False,rodriguezjames@example.com
698,45,True,bcunningham@example.net
699,60,True,herreranicole@example.org
700,55,False,thompsonjames@example.org
701,63,True,hollyvazquez@example.net
702,47,True,manninglaura@example.org
703,31,False,cathy23@example.org
704,30,True,kathleen42@example.org
705,46,True,csmith@example.net
706,34,True,garyadams@example.com
707,19,False,johnwilliams@example.net
708,30,True,wesleybuchanan@example.net
709,37,True,debrasmith@example.org
710,32,False,teresahall@example.com
711,65,True,carlflowers@example.net
712,41,True,ronaldbrewer@example.net
713,60,True,brownwilliam@example.net
714,20,True,qgordon@example.net
715,61,False,jameshartman@example.net
716,30,False,pdominguez@example.org
717,21,True,harrisscott@example.org
718,18,False,bryan58@example.net
719,31,False,ejames@example.com
720,31,False,derrick94@example.net
721,42,True,combsdanny@example.com
722,44,True,schultzmary@example.org
723,46,False,miguelpena@example.org
724,30,False,bmoody@example.com
725,53,True,lweiss@example.com
726,18,True,privera@example.net
727,35,True,ryandodson@example.org
728,26,True,susan63@example.com
729,26,False,lramos@example.net
730,42,False,robert51@example.org
731,53,True,steven29@example.com
732,27,True,julie00@example.net
733,63,True,acoleman@example.net
734,32,False,sallen@example.net
735,55,True,thomas64@example.org
736,59,False,laceyrich@example.org
737,64,True,iwest@example.org
738,23,True,robert67@example.com
739,31,False,cthomas@example.org
740,62,False,yknox@example.org
741,46,True,stacy68@example.org
742,64,False,jennifervaldez@example.org
743,23,True,diana21@example.com
744,49,False,nhardy@example.org
745,49,True,leahsmith@example.org
746,61,True,richard55@example.net
747,63,False,monicawalker@example.org
748,63,True,bakerlori@example.com
749,29,True,xlittle@example.com
750,18,True,fischeramy@example.org
751,43,True,robinsonvalerie@example.net
752,65,True,david05@example.net
753,39,True,trevorpeterson@example.com
754,31,False,james54@example.com
755,39,False,joseph79@example.org
756,37,False,piercedarren@example.com
757,22,False,garciaclayton@example.org
758,38,False,brittany65@example.net
759,36,False,chad90@example.net
760,21,True,jonesnicole@example.net
761,27,False,clifford98@example.net
762,36,True,alexis85@example.com
763,25,False,mortonjoy@example.org
764,63,True,jamesdiaz@example.org
765,34,False,brocksamuel@example.org
766,65,False,marissa86@example.net
767,24,False,robertsmark@example.org
768,56,False,rivasmanuel@example.net
769,32,True,jordanerica@example.net
770,52,True,riversjohn@example.com
771,59,False,andrew80@example.com
772,44,True,amanda57@example.org
773,22,True,ronnie79@example.net
774,43,True,karenburgess@example.org
775,59,True,lauren94@example.net
776,37,True,pwalton@example.net
777,21,False,rossbutler@example.org
778,47,True,john00@example.com
779,31,False,ghull@example.org
780,21,False,smithmonique@example.net
781,33,True,perrydonald@example.com
782,41,True,johnhamilton@example.net
783,44,False,hallsharon@example.net
784,38,True,cindyolson@example.org
785,54,False,huynhkarina@example.org
786,62,True,renee98@example.net
787,18,False,millerchristopher@example.com
788,57,False,christine02@example.org
789,54,False,victoriajordan@example.org
790,24,True,abrown@example.net
791,32,True,mcleankelly@example.org
792,21,True,victoria47@example.net
793,33,True,sandra64@example.net
794,25,False,robertwaters@example.org
795,55,False,jonesmaria@example.com
796,41,True,stacyrice@example.com
797,27,False,michael04@example.org
798,30,True,ideleon@example.com
799,41,False,andersonmichael@example.com
800,50,False,ingramrobert@example.org
801,50,True,andersonjulie@example.net
802,31,False,wking@example.com
803,61,False,carlamartinez@example.com
804,61,False,larachristopher@example.org
805,27,False,dsmith@example.com
806,51,False,wdonovan@example.org
807,56,False,fgarcia@example.com
808,50,True,thomastiffany@example.org
809,37,True,franciscoandrews@example.net
810,64,False,bonnie49@example.net
811,27,True,bennettmiranda@example.net
812,50,False,randerson@example.com
813,61,False,rwashington@example.com
814,24,False,sparker@example.net
815,31,True,karl34@example.com
816,45,True,howardhelen@example.org
817,30,False,scottmoore@example.net
818,46,True,nicole73@example.org
819,39,True,zbarry@example.org
820,53,True,zwright@example.net
821,49,True,lauriemiller@example.org
822,26,False,meyergina@example.net
823,46,False,kathleenmccormick@example.org
824,56,False,troy05@example.org
825,30,False,rebeccafloyd@example.org
826,38,False,ericbrady@example.com
827,51,False,sgarcia@example.com
828,29,True,iwinters@example.com
829,57,True,holmesjacob@example.com
830,33,False,jgonzalez@example.com
831,25,False,briangaines@example.net
832,44,False,crystalmoore@example.net
833,27,True,nancyespinoza@example.org
834,31,False,umoore@example.org
835,37,False,dennischapman@example.org
836,22,True,romerowilliam@example.org
837,35,False,huberdonald@example.org
838,54,True,haydendavid@example.net
839,47,True,andrew84@example.org
840,55,True,golson@example.com
841,48,False,victoria28@example.org
842,62,True,pamela54@example.com
843,33,True,katelyn86@example.com
844,34,False,tamaragarcia@example.net
845,65,False,justin64@example.org
846,53,True,richard89@example.net
847,35,False,ysanchez@example.com
848,56,True,alexanderevans@example.org
849,33,False,tammyruiz@example.org
850,54,True,travisfisher@example.com
851,24,True,warddonald@example.com
852,47,True,jordanmontoya@example.org
853,65,True,gonzalessara@example.net
854,22,True,nicholas24@example.com
855,26,False,danielrivera@example.net
856,42,True,reevesamy@example.net
857,61,True,florescarrie@example.com
858,46,False,brandonhayes@example.org
859,62,True,grantkyle@example.net
860,47,True,yvonne45@example.com
861,42,False,mandrews@example.org
862,24,False,sdonaldson@example.net
863,56,False,thompsonmarie@example.net
864,54,False,timothy74@example.org
865,47,False,zmeza@example.net
866,35,True,chanjamie@example.org
867,52,True,qjones@example.com
868,37,False,meagan62@example.net
869,19,True,mcalderon@example.org
870,35,False,epowers@example.org
871,62,True,makaylasalazar@example.net
872,26,False,gomezanna@example.com
873,47,True,bsandoval@example.com
874,32,False,laracasey@example.com
875,53,True,porterlisa@example.com
876,61,True,jrosario@example.net
877,20,True,stephenmendez@example.com
878,65,False,jason99@example.org
879,51,False,rbrown@example.org
880,21,False,fwhite@example.org
881,22,True,katherinejohnson@example.com
882,60,False,dustin03@example.org
883,47,False,xknight@example.org
884,54,True,michaelflores@example.org
885,63,False,webbmichael@example.net
886,60,True,brandon89@example.com
887,29,True,lozanodaniel@example.net
888,22,True,myersdaniel@example.org
889,26,True,karenglover@example.net
890,26,False,moorestephanie@example.net
891,50,False,jonesjanice@example.com
892,27,False,fphillips@example.net
893,18,True,allisonbuck@example.org
894,28,False,jeremiahperkins@example.net
895,41,False,cthomas@example.net
896,37,False,sherrigonzalez@example.org
897,52,True,brownseth@example.com
898,20,False,jasmine79@example.org
899,39,True,leesarah@example.org
900,19,False,bsnow@example.com
901,27,False,pamela99@example.net
902,41,False,marshallnicholas@example.net
903,62,True,perezantonio@example.com
904,53,True,zwoods@example.com
905,42,False,ythompson@example.org
906,36,False,wheelerdavid@example.org
907,56,False,morrismarcus@example.org
908,65,True,mpearson@example.net
909,55,False,michaelyu@example.net
910,22,False,gomezmargaret@example.com
911,54,True,zwilson@example.com
912,23,False,ilewis@example.net
913,31,True,njohnson@example.net
914,35,True,hunter86@example.net
915,29,False,ljohnson@example.net
916,65,True,kyle35@example.com
917,61,True,christinasnow@example.net
918,63,True,michaellawrence@example.org
919,57,False,kristin04@example.net
920,20,True,edgarrangel@example.com
921,39,False,matthew74@example.com
922,36,True,ujones@example.com
923,40,False,ljackson@example.net
924,42,False,kevans@example.com
925,51,False,jjenkins@example.com
926,63,False,david65@example.net
927,57,True,williamsashley@example.net
928,54,False,drobbins@example.com
929,45,True,klee@example.net
930,21,True,juliekramer@example.net
931,62,False,maddenlisa@example.com
932,23,True,morrisalvin@example.org
933,18,False,keithallen@example.com
934,33,False,aaron97@example.net
935,54,True,kimpotter@example.com
936,29,True,michelle01@example.com
937,20,True,stevebaker@example.org
938,32,True,davidsonmichelle@example.net
939,22,False,carrieflores@example.net
940,25,True,rebeccasandoval@example.org
941,26,False,samuel67@example.com
942,43,False,mcdonaldaustin@example.net
943,46,True,nicholsonemily@example.com
944,38,False,kking@example.com
945,32,True,caguilar@example.org
946,25,True,peckanthony@example.org
947,42,True,coopermichael@example.com
948,62,True,antonioparker@example.com
949,38,True,petersennancy@example.org
950,46,False,tracy84@example.com
951,46,False,katiekim@example.org
952,51,True,allenlisa@example.org
953,39,False,jonescynthia@example.net
954,56,True,tammycurtis@example.com
955,59,False,bhoward@example.net
956,22,False,joshua61@example.net
957,41,False,huertajamie@example.com
958,35,True,nathanwood@example.org
959,29,False,carolynphillips@example.net
960,52,True,karen33@example.org
961,26,False,angela05@example.com
962,25,True,tmartinez@example.net
963,29,True,lmolina@example.org
964,24,False,jennifer76@example.com
965,34,False,ghogan@example.net
966,43,False,ganderson@example.org
967,23,False,guerrakent@example.org
968,56,True,jacquelinelane@example.net
969,45,False,robertsonabigail@example.com
970,59,True,richardphillips@example.com
971,48,True,knightjulie@example.org
972,31,True,brentrodriguez@example.net
973,65,False,wangjared@example.com
974,32,False,lisapetersen@example.org
975,63,False,richardsonjason@example.net
976,27,False,vanessahernandez@example.net
977,47,True,gary70@example.net
978,47,False,fduke@example.org
979,39,False,imiller@example.net
980,65,True,patrick68@example.org
981,47,False,stevensjonathan@example.net
982,21,True,grace51@example.com
983,63,True,ochoakarl@example.net
984,60,True,hpowers@example.net
985,28,False,pmeadows@example.net
986,42,True,daniel51@example.net
987,20,False,yconway@example.org
988,48,True,gracerodriguez@example.net
989,50,True,timothywilson@example.org
990,18,True,bcisneros@example.org
991,63,False,christopherpeck@example.com
992,62,True,karenchambers@example.com
993,55,False,elaine21@example.org
994,59,False,ostephens@example.org
995,24,True,ramirezbradley@example.net
996,55,False,hchristensen@example.net
997,59,True,kritter@example.com
998,60,False,sethwilkerson@example.net
999,38,False,norma95@example.org
1000,51,True,valenzuelajoan@example.net
